{
  "version": 1,
  "author": "Anonymous maker",
  "editor": "wokwi",
  "parts": [
    { "type": "board-esp32-devkit-c-v4", "id": "esp", "top": 0, "left": 0, "attrs": {} },
    { "type": "wokwi-dht22", "id": "dht1", "top": -66.9, "left": -120.6, "attrs": {} }
  ],
  "connections": [
    [ "esp:TX", "$serialMonitor:RX", "", [] ],
    [ "esp:RX", "$serialMonitor:TX", "", [] ],
    [ "dht1:VCC", "esp:3V3", "red", [ "v19.2", "h67.2", "v-48" ] ],
    [
      "esp:GND.2",
      "dht1:GND",
      "black",
      [ "v0", "h14.44", "v-38.4", "h-163.2", "v67.2", "h-28.8" ]
    ],
    [ "dht1:SDA", "esp:4", "green", [ "v192", "h220.9", "v-96" ] ]
  ],
  "dependencies": {}
}